{
  "coarse_dofs": 1179,
  "fine_dofs": 7494,
  "coarse_elements": 240,
  "fine_elements": 1920,
  "frequencies": [
    5000.0,
    8623.034440859808,
    14871.344593650889,
    25647.22332258919,
    50687.74828560116,
    87416.43983927433,
    150758.99428628242,
    260000.0
  ],
  "center_transfer_rel": 0.25719432649337626,
  "center_phase_deg": 34.8940530501974,
  "surface_common_nodes_rel": 0.7878313102880427,
  "surface_common_nodes_shape": 0.35157449399321755,
  "material_energy_rel": 0.45691877562307104,
  "per_frequency_center_rel": [
    0.00735923237474207,
    0.007822292168437472,
    0.005739133719990883,
    0.06877866929427626,
    0.19693830022293896,
    0.1976121220421878,
    0.026381463046304898,
    1.4389668043148547
  ],
  "per_frequency_surface_rel": [
    0.010317515644119717,
    0.05438438391135452,
    0.3006459412736938,
    2.364039059645689,
    0.4140793251475568,
    0.31668110903303387,
    1.034990074811451,
    1.9364318168562422
  ]
}